{
  "Santiago, Santiago Metropolitan Region": 2228,
  "Valdivia, Los Ríos Region": 918,
  "Temuco, Araucanía Region": 250,
  "Viña del Mar, Valparaíso Region": 98,
  "Concepción, Bío Bío Region": 82,
  "Talca, Maule Region": 74,
  "Osorno, Los Lagos Region": 72,
  "Villa Alemana, Valparaíso Region": 69,
  "Puerto Montt, Los Lagos Region": 66,
  "La Serena, Coquimbo Region": 64,
  "Quilpué, Valparaíso Region": 64,
  "Punta Arenas, Magallanes y la Antártica Chilena Region": 60,
  "Coquimbo, Coquimbo Region": 54,
  "Valparaíso, Valparaíso Region": 50,
  "Colina, Santiago Metropolitan Region": 47,
  "San Pedro de La Paz, Bío Bío Region": 47,
  "Rancagua, O'Higgins Region": 45,
  "Antofagasta, Antofagasta Region": 44,
  "Buenos Aires, Ciudad Autónoma de Buenos Aires": 43,
  "Mexico City, Distrito Federal": 39,
  "Concón, Valparaíso Region": 35,
  "La Unión, Los Ríos Region": 35,
  "Lima, Lima Region": 30,
  "Pucón, Araucanía Region": 30,
  "Chillán, Bío Bío Region": 29,
  "Iquique, Tarapacá Region": 29,
  "Los Ángeles, Bío Bío Region": 29,
  "Villarrica, Araucanía Region": 29,
  "Chiguayante, Bío Bío Region": 28,
  "San Fernando, O'Higgins Region": 28,
  "Caracas, Capital District": 27,
  "Coyhaique, Aysén Region": 26,
  "Linares, Maule Region": 26,
  "Bogotá, Distrito Especial": 23,
  "Curicó, Maule Region": 23,
  "Arica, Arica y Parinacota Region": 22,
  "Talcahuano, Bío Bío Region": 22,
  "Copiapó, Atacama Region": 20,
  "Futrono, Los Ríos Region": 20,
  "Labranza, Araucanía Region": 20,
  "Mariquina, Los Ríos Region": 20,
  "Panguipulli, Los Ríos Region": 18,
  "Calama, Antofagasta Region": 16,
  "Ovalle, Coquimbo Region": 16,
  "Corral, Los Ríos Region": 15
}